{"mean":{"confidence_interval":{"confidence_level":0.95,"lower_bound":5709579.379416669,"upper_bound":5862699.9478888875},"point_estimate":5786445.41666667,"standard_error":38912.53167137953},"median":{"confidence_interval":{"confidence_level":0.95,"lower_bound":5699795.277777778,"upper_bound":5887507.777777778},"point_estimate":5761879.333333334,"standard_error":43997.329294075316},"median_abs_dev":{"confidence_interval":{"confidence_level":0.95,"lower_bound":288711.71724100853,"upper_bound":468942.170974612},"point_estimate":375605.3367316718,"standard_error":46368.18689787576},"slope":null,"std_dev":{"confidence_interval":{"confidence_level":0.95,"lower_bound":335607.33612889616,"upper_bound":440575.01389311336},"point_estimate":391020.3049238728,"standard_error":26819.55253833205}}