{"mean":{"confidence_interval":{"confidence_level":0.95,"lower_bound":-0.3701468838133306,"upper_bound":-0.33202916298538027},"point_estimate":-0.35132875563731714,"standard_error":0.0097174840527005},"median":{"confidence_interval":{"confidence_level":0.95,"lower_bound":-0.37864084518207586,"upper_bound":-0.325308401849859},"point_estimate":-0.3428929184297945,"standard_error":0.013612135257444516}}