{"mean":{"confidence_interval":{"confidence_level":0.95,"lower_bound":111076457.2375,"upper_bound":116268798.31625},"point_estimate":113481982.47,"standard_error":1327849.1388116933},"median":{"confidence_interval":{"confidence_level":0.95,"lower_bound":108902046.0,"upper_bound":112440454.0},"point_estimate":110333247.5,"standard_error":924859.1807261879},"median_abs_dev":{"confidence_interval":{"confidence_level":0.95,"lower_bound":5262335.898774862,"upper_bound":8540783.275070786},"point_estimate":6876417.285919189,"standard_error":836981.5641529752},"slope":null,"std_dev":{"confidence_interval":{"confidence_level":0.95,"lower_bound":8469809.434568632,"upper_bound":17912316.141677134},"point_estimate":13295250.775470367,"standard_error":2459718.132070517}}