{"mean":{"confidence_interval":{"confidence_level":0.95,"lower_bound":2062986123.5549998,"upper_bound":2138874608.8},"point_estimate":2100536438.0,"standard_error":19412394.11313613},"median":{"confidence_interval":{"confidence_level":0.95,"lower_bound":2036761744.0,"upper_bound":2149107317.0},"point_estimate":2109125550.5,"standard_error":32106623.797547005},"median_abs_dev":{"confidence_interval":{"confidence_level":0.95,"lower_bound":12504004.290309548,"upper_bound":115869743.23140085},"point_estimate":74624905.3811431,"standard_error":26807797.191921875},"slope":null,"std_dev":{"confidence_interval":{"confidence_level":0.95,"lower_bound":40066425.19027241,"upper_bound":80462020.9582493},"point_estimate":64712897.76432742,"standard_error":10603727.072450405}}