{"mean":{"confidence_interval":{"confidence_level":0.95,"lower_bound":-0.5833315368571578,"upper_bound":-0.5599160632488719},"point_estimate":-0.5724326301889167,"standard_error":0.005912577025980262},"median":{"confidence_interval":{"confidence_level":0.95,"lower_bound":-0.5879600087333369,"upper_bound":-0.5730968466944601},"point_estimate":-0.5809375858311074,"standard_error":0.0038177866334752277}}