{"mean":{"confidence_interval":{"confidence_level":0.95,"lower_bound":-0.21600864306787596,"upper_bound":-0.19167585449657035},"point_estimate":-0.20356988387995623,"standard_error":0.006073918883478285},"median":{"confidence_interval":{"confidence_level":0.95,"lower_bound":-0.22053410316882435,"upper_bound":-0.19252269558730795},"point_estimate":-0.2100577432711196,"standard_error":0.006938457955403931}}