{"mean":{"confidence_interval":{"confidence_level":0.95,"lower_bound":-0.5411554630483506,"upper_bound":-0.48848796014453766},"point_estimate":-0.5189290019705705,"standard_error":0.013414301001581409},"median":{"confidence_interval":{"confidence_level":0.95,"lower_bound":-0.5674276131615277,"upper_bound":-0.5329955832052797},"point_estimate":-0.5534162268951618,"standard_error":0.009233768358904711}}