{"mean":{"confidence_interval":{"confidence_level":0.95,"lower_bound":-0.37702274886700304,"upper_bound":-0.35769110675083055},"point_estimate":-0.36758488456092164,"standard_error":0.004939612712804441},"median":{"confidence_interval":{"confidence_level":0.95,"lower_bound":-0.369325842001495,"upper_bound":-0.3580773667456324},"point_estimate":-0.3639321748315967,"standard_error":0.0030139843047318005}}